"序号","时间","功耗设定","核心偏移","显存偏移","XBAR偏移","NVVDD最小","MSVDD最小","图形分数","总分","CPU分数","GT1","GT2","备注","结果文件"
"1","2026-09-25 14:09:58","200","200","1000","200","0","0","27168","23503","13321","176.80","155.97","200W 安全起点","3DMark-TimeSpy-23503-20260925140958.3dmark-result"
"2","2026-09-25 14:17:32","200","200","1000","200","0","0","27284","23378","12908","178.13","156.19","200W 安全起点(重跑测噪声)","3DMark-TimeSpy-23378-20260925141730.3dmark-result"
"3","2026-09-25 14:24:13","200","200","1000","200","-25","-25","27178","23347","12981","177.80","155.31","200W vmin-25","3DMark-TimeSpy-23347-20260925142410.3dmark-result"
"4","2026-09-25 14:31:22","200","200","1000","200","100","100","27932","24006","13363","183.73","158.87","200W vmin+100","3DMark-TimeSpy-24006-20260925143118.3dmark-result"
"5","2026-09-25 14:38:24","200","200","1000","200","200","200","28523","24258","13133","187.09","162.62","200W vmin+200","3DMark-TimeSpy-24258-20260925143820.3dmark-result"
"6","2026-09-25 14:41:57","200","200","1000","200","300","300","FAILED","0","0","","","200W vmin+300","3DMark-TimeSpy-FAILED-20260925144155.3dmark-result"
"7","2026-09-25 15:02:09","200","200","1000","200","250","250","28187","24006","13044","184.47","161.02","200W vmin+250(峰值回落)","3DMark-TimeSpy-24006-20260925150202.3dmark-result"
"8","2026-09-25 15:09:13","225","200","1000","200","200","200","28896","24498","13154","190.10","164.32","225W vmin+200","3DMark-TimeSpy-24498-20260925150909.3dmark-result"
"9","2026-09-25 15:15:44","225","200","1000","200","250","250","29406","24653","12869","192.56","167.90","225W vmin+250","3DMark-TimeSpy-24653-20260925151541.3dmark-result"
"10","2026-09-25 15:22:43","225","200","1000","200","300","300","29371","24845","13264","194.23","166.28","225W vmin+300","3DMark-TimeSpy-24845-20260925152239.3dmark-result"
"11","2026-09-25 15:29:18","250","200","1000","200","300","300","29287","24601","12904","193.20","166.15","250W请求→实际225W(CLI限制) vmin+300","3DMark-TimeSpy-24601-20260925152914.3dmark-result"
"12","2026-09-25 15:37:28","250","200","1000","200","300","300","30418","25335","13014","197.68","174.84","250W(真) vmin+300","3DMark-TimeSpy-25335-20260925153725.3dmark-result"
"13","2026-09-25 15:44:02","250","200","1000","200","350","350","29259","24653","13030","195.11","164.48","250W vmin+350","3DMark-TimeSpy-24653-20260925154358.3dmark-result"
"14","2026-09-25 15:50:38","275","200","1000","200","350","350","30798","25534","12971","211.14","169.23","275W vmin+350","3DMark-TimeSpy-25534-20260925155036.3dmark-result"
"15","2026-09-25 15:57:12","275","200","1000","200","400","400","31575","25846","12745","211.46","176.85","275W vmin+400","3DMark-TimeSpy-25846-20260925155709.3dmark-result"
"16","2026-09-25 16:04:31","300","200","1000","200","350","350","18946","17806","13281","122.56","109.35","300W vmin+350","3DMark-TimeSpy-17806-20260925160428.3dmark-result"
"17","2026-09-25 16:11:36","300","200","1000","200","350","350","31621","25824","12667","209.45","178.77","300W vmin+350","3DMark-TimeSpy-25824-20260925161131.3dmark-result"
"18","2026-09-25 16:18:37","275","200","1500","200","350","350","31523","25967","12992","210.10","177.28","275W vmin+350 mem+1500","3DMark-TimeSpy-25967-20260925161833.3dmark-result"
"19","2026-09-25 16:25:10","275","200","2500","200","350","350","31255","25733","12860","209.80","174.72","275W vmin+350 mem+2500","3DMark-TimeSpy-25733-20260925162505.3dmark-result"
"20","2026-09-25 16:31:48","275","200","1000","400","350","350","31466","25877","12897","214.39","173.76","275W vmin+350 xbar+400","3DMark-TimeSpy-25877-20260925163142.3dmark-result"
"21","2026-09-25 16:34:27","275","400","1000","200","350","350","FAILED","0","0","","","275W vmin+350 core+400","3DMark-TimeSpy-FAILED-20260925163413.3dmark-result"
"22","2026-09-25 16:46:21","275","200","1000","200","350","350","31545","26008","13040","212.07","176.13","275W vmin+350 重复A","3DMark-TimeSpy-26008-20260925164620.3dmark-result"
"23","2026-09-25 17:22:45","300","200","1000","200","350","350","31779","26025","","209.99","180.03","300W vmin+350 重复A","3DMark-TimeSpy-26025-20260925172241.3dmark-result"
"24","2026-09-25 17:29:15","300","200","1000","200","350","350","31700","25810","","209.38","179.65","300W vmin+350 重复B","3DMark-TimeSpy-25810-20260925172911.3dmark-result"
"25","2026-09-25 17:35:52","250","200","1000","200","300","300","30435","25255","","197.93","174.82","250W vmin+300 重复A","3DMark-TimeSpy-25255-20260925173547.3dmark-result"
"26","2026-09-25 17:42:22","325","200","1000","200","350","350","31925","26022","","212.21","179.95","325W vmin+350 探崩塌点","3DMark-TimeSpy-26022-20260925174220.3dmark-result"
